,cluster_0,cluster_1,cluster_2,cluster_3,cluster_4,cluster_5,cluster_6,cluster_7,cluster_8,cluster_9,cluster_10,cluster_11,cluster_12,cluster_13,cluster_14,cluster_15,cluster_16,cluster_17,cluster_18,cluster_19,cluster_20,cluster_21,cluster_22,cluster_23,cluster_24,cluster_25,cluster_26,cluster_27,cluster_28,cluster_29,cluster_30,cluster_31,cluster_32,cluster_33,cluster_34,cluster_35,cluster_36,cluster_37,cluster_38,cluster_39
0,major,mortes,jairbolsonaro,anafnobrega,covid,covid,deus,pobres,anos,vacina,espnbrasil,noticia,odeio,covid,vacune,brasil,sabia,parabens,bolsonarista,pode,depressao,lese,corona,todos,fechado,povo,covid,segura,covid,covid,covid,olimpio,mdsss,beatriznovato,chega,covid,thayswho,considere,flamengxkai,covid
1,olimpio,morreram,aqui,base,gente,pegar,covid,fieis,hoje,covid,onibus,covid,corona,corona,peleala,pensando,bolsonaro,presidente,morresse,covid,odeio,epoca,virus,mais,pesqueiro,vacinando,odeio,bonitas,acho,teste,mais,major,saudade,gente,total,morreu,bizarro,assinar,lucostta,mortes
2,senador,pessoas,unica,busca,aqui,pegou,amor,morrem,padrasto,contra,metro,noticias,covid,fazer,ahora,segue,testes,paulo,covid,poder,deboche,acorona,ansiedade,cedo,sacanagem,caso,sdds,corona,novo,positivo,mortos,covid,baile,querendo,municipios,morre,tipo,folha,fladanacao,brasil
3,complicacoes,media,forma,fala,contra,peguei,corona,safados,perdeu,vacinas,trens,hoje,nossa,ficar,covid,frente,quase,guedes,levar,doar,juliete,,depressao,coletiva,fazer,covid,marquinha,chorando,pegou,fazer,infetados,senador,voltar,passar,ceara,morrer,todas,protetor,chance,mortos
4,covid,anual,salvar,deve,pessoas,corona,negativo,tomam,covid,doses,superlotacao,sobre,aqui,nunca,,problema,vencidos,novo,monte,orgaos,rola,,pressao,imprensa,vida,sera,praia,,medo,negativo,casos,morte,manha,pano,decreto,pessoas,comorbidades,mandyroldan,alguem,horas
5,morre,covid,vidas,saber,bolsonaro,pega,gracas,vacina,sobrinha,milhoes,povo,triste,tanto,casa,,politico,distribuidos,programa,gente,isso,pulsando,,aids,detalhamos,domingo,vacina,ficar,,pegar,testou,recuperados,morre,casa,ainda,calamidade,morrendo,asmatica,danhgarcia,covid,morte
6,uolnoticias,ideiasradicais,fato,melhor,brasil,medo,gente,miami,entao,dose,escolhe,receber,falei,teste,,praga,material,minha,inocente,podem,pica,,cura,funcionamento,corona,mesmo,toda,,acham,testes,internamentos,morreu,deitar,amiga,publica,morreram,pegou,ixmael,festa,recorde
7,apos,assassinadas,,maioria,agora,casa,teste,,pensa,vacinado,morre,gente,hoje,aqui,,covid,governo,morte,junto,poderia,quente,,baixa,decreto,agora,,ardida,,peguei,corona,baixam,cerebral,sentir,conheco,causa,gente,covid,,pessoas,casos
8,terceiro,deveriam,,pessoas,pandemia,gente,pelo,,idoso,brasil,covid,brasil,nosss,pegar,,espiritual,estadao,emprego,melhor,corona,tristeza,,presao,atual,passo,,tanta,,,sintomas,sobe,vitima,tudo,pessoas,covid,fome,gente,,maior,quase
9,morrer,,,,hoje,pego,misericordia,,morr,tomou,fome,mortes,gente,agora,,,revelo,para,mundos,morre,remedio,,alta,,limites,,serio,,,hoje,,apos,girando,perderam,recentes,morrem,sabe,,,ultimas
